image_name,scale,center_w,center_h,original_0_x,original_0_y,original_1_x,original_1_y,original_2_x,original_2_y,original_3_x,original_3_y,original_4_x,original_4_y,original_5_x,original_5_y,original_6_x,original_6_y,original_7_x,original_7_y,original_8_x,original_8_y,original_9_x,original_9_y,original_10_x,original_10_y,original_11_x,original_11_y,original_12_x,original_12_y,original_13_x,original_13_y,original_14_x,original_14_y,original_15_x,original_15_y,original_16_x,original_16_y,original_17_x,original_17_y,original_18_x,original_18_y,original_19_x,original_19_y,original_20_x,original_20_y,original_21_x,original_21_y,original_22_x,original_22_y,original_23_x,original_23_y,original_24_x,original_24_y,original_25_x,original_25_y,original_26_x,original_26_y,original_27_x,original_27_y,original_28_x,original_28_y,original_29_x,original_29_y,original_30_x,original_30_y,original_31_x,original_31_y,original_32_x,original_32_y,original_33_x,original_33_y,original_34_x,original_34_y
crabs_data/train_data/IMG_0001.JPG,1.745,571.5,324,538,332,550,336,563,338,577,339,591,332,600,326,611,316,520,300,614,282,482,443,699,401,500,454,522,469,538,469,553,469,644,452,656,447,670,439,686,418,423,294,424,277,424,260,425,247,441,239,445,232,451,225,459,215,633,177,644,185,654,191,664,199,680,201,687,218,694,232,698,248
crabs_data/train_data/IMG_0002.JPG,2.35,578,253,533,278,556,287,570,291,585,294,604,287,618,278,634,267,516,234,643,222,446,405,741,377,463,417,496,439,516,443,532,442,649,434,669,429,690,421,721,397,388,209,390,187,392,164,396,145,414,146,424,125,434,114,446,94,690,76,707,93,721,107,733,135,748,117,752,136,759,159,768,192
crabs_data/train_data/IMG_0003.JPG,3.07,517,345,443,377,466,388,490,396,513,398,536,391,552,381,571,369,420,318,587,312,329,523,710,507,360,546,394,566,427,570,448,571,597,566,624,562,653,553,686,527,259,273,261,251,267,225,270,195,297,196,303,174,325,153,338,129,656,118,673,136,694,158,708,186,731,176,738,205,746,234,754,270
crabs_data/train_data/IMG_0004.JPG,2.01,536,295.5,478,329,490,336,502,345,521,348,538,343,555,336,573,326,464,287,585,283,410,419,665,417,426,434,450,452,464,456,481,458,601,456,617,452,630,446,645,433,365,256,364,240,363,220,363,204,381,196,389,180,398,168,406,155,639,142,653,158,668,181,674,199,687,188,690,212,692,233,697,255
crabs_data/train_data/IMG_0005.JPG,2.13,588,318.5,504,323,518,333,535,344,552,349,570,344,586,336,598,327,493,281,611,287,440,434,697,456,458,450,481,469,500,477,512,479,627,490,642,489,656,485,675,471,405,247,409,226,412,210,413,194,433,188,441,175,453,162,460,148,689,146,702,164,712,178,721,201,735,197,741,222,746,246,746,274
crabs_data/train_data/IMG_0008.JPG,2.495,444.5,254.5,399,236,414,253,432,260,449,264,467,260,482,255,501,246,387,194,515,201,293,388,578,409,318,405,344,434,366,441,384,444,488,450,508,448,533,443,554,425,262,171,267,154,271,134,276,110,300,112,309,91,322,79,334,63,575,79,585,96,599,112,606,138,626,124,628,146,632,170,636,201
crabs_data/train_data/IMG_0009.JPG,2.735,528.5,296,465,296,485,307,504,315,529,321,547,315,565,307,584,293,450,242,601,238,368,469,691,463,393,487,421,512,448,518,470,519,601,517,622,513,641,506,667,483,302,218,307,196,310,175,314,151,341,149,346,127,359,114,373,93,661,83,673,102,691,118,700,150,724,133,729,161,736,186,743,216
crabs_data/train_data/IMG_0012.JPG,2.31,504,396.5,447,405,462,414,478,421,496,427,514,421,529,414,541,403,431,361,556,359,358,526,644,515,377,543,400,565,420,570,443,572,553,569,580,565,599,558,618,536,315,331,315,312,316,292,318,273,343,278,346,258,357,242,368,222,613,217,626,237,639,256,648,282,665,266,668,290,672,310,675,331
crabs_data/train_data/IMG_0013.JPG,2.02,493,368.5,449,380,465,388,477,394,491,400,504,397,516,392,530,381,439,343,545,344,369,478,613,481,385,493,408,513,428,518,447,520,546,521,562,519,577,512,593,497,342,314,342,296,344,280,345,264,366,270,369,254,380,242,390,223,598,228,607,243,616,259,623,280,639,270,642,287,644,305,645,322
crabs_data/train_data/IMG_0016.JPG,2.985,546.5,423,444,415,459,427,474,435,496,437,517,433,536,425,553,412,429,367,564,360,364,569,703,570,386,595,418,622,443,630,464,633,615,635,634,630,652,623,679,591,322,342,324,319,325,296,328,273,357,273,363,259,372,243,381,223,643,199,659,215,676,232,690,255,704,243,714,269,722,293,734,318
crabs_data/train_data/IMG_0017.JPG,2.445,531.5,313.5,467,324,481,335,498,343,516,348,535,344,550,338,565,329,454,282,581,281,381,456,686,454,401,475,428,498,447,505,467,507,599,509,620,504,638,495,661,474,338,249,341,232,343,212,346,190,371,189,377,176,387,163,397,147,646,138,659,155,675,169,683,190,702,180,708,205,714,227,721,254
crabs_data/train_data/IMG_0018.JPG,2.84,545,421,491,452,505,463,523,470,547,471,571,466,586,456,605,443,469,407,623,389,385,591,720,559,409,607,439,623,459,628,479,630,646,612,668,603,687,593,705,576,316,374,315,351,317,324,322,301,339,296,345,278,356,259,371,239,674,208,693,227,717,246,721,276,739,260,747,281,754,305,756,336
crabs_data/train_data/IMG_0019.JPG,1.895,498.5,328.5,457,337,467,343,478,350,490,356,505,356,518,351,531,347,449,302,549,313,367,413,583,440,383,429,396,444,414,454,428,456,514,465,530,465,547,462,564,452,358,254,362,237,367,223,372,209,384,212,392,202,401,193,412,183,607,214,616,228,624,243,627,256,638,254,639,271,639,287,635,306
crabs_data/train_data/IMG_0020.JPG,3.72,468,433,376,470,394,484,417,499,450,510,479,506,501,499,528,486,356,395,560,415,230,625,675,661,253,648,282,673,315,690,349,701,540,722,578,715,613,703,652,680,187,312,189,287,193,260,203,229,235,238,245,208,268,187,290,163,666,195,687,220,706,243,716,279,745,267,751,300,756,330,752,372
crabs_data/train_data/IMG_0021.JPG,2.7,485,421.5,412,460,428,469,446,481,470,488,493,480,511,470,528,461,390,409,542,410,323,567,664,566,343,584,371,601,401,613,425,617,565,620,595,612,618,603,644,585,262,355,260,334,261,312,265,295,290,295,293,277,307,262,322,238,608,234,626,252,640,270,651,290,672,285,680,310,686,333,693,365
crabs_data/train_data/IMG_0022.JPG,4.165,455.5,364.5,351,362,376,370,398,377,430,383,463,375,497,360,523,341,321,291,540,260,244,623,691,595,276,647,320,675,358,680,394,679,579,664,610,656,642,647,670,625,137,271,138,238,141,210,149,176,181,173,188,146,204,122,218,98,614,40,636,63,661,86,675,121,706,104,723,142,736,179,745,212
crabs_data/train_data/IMG_0024.JPG,1.745,494.5,366,460,396,476,401,488,402,499,401,509,395,517,388,526,382,444,372,529,352,413,482,596,442,431,489,448,496,465,495,481,492,552,476,567,471,577,465,586,453,359,355,358,344,358,332,361,324,373,321,371,308,378,298,383,288,546,250,558,259,568,270,576,285,585,275,591,287,597,300,602,316
crabs_data/train_data/IMG_0025.JPG,1.88,441,324,407,346,419,353,430,358,444,362,456,358,467,354,479,346,395,315,492,313,339,431,549,430,355,441,372,454,385,460,402,463,485,461,502,460,518,454,535,441,304,278,306,264,309,251,313,241,328,241,329,227,337,216,346,206,535,207,546,220,555,236,560,253,570,242,576,258,580,275,580,293
crabs_data/train_data/IMG_0026.JPG,3.935,472.5,408,376,446,401,466,427,478,458,489,489,483,516,473,547,458,357,365,575,382,201,596,679,636,223,625,265,666,295,683,331,697,540,709,580,699,612,688,648,662,169,288,174,259,182,231,187,194,226,194,238,167,262,148,281,125,680,162,694,186,715,210,724,255,758,240,759,276,761,310,765,355
crabs_data/train_data/IMG_0027.JPG,2.785,521.5,374,465,379,482,389,499,398,521,403,542,397,559,390,578,379,448,325,591,326,349,525,677,519,371,546,394,568,428,582,454,587,590,580,615,572,634,564,654,543,309,291,312,269,317,248,322,224,344,231,350,207,365,193,380,176,647,179,660,197,674,212,681,240,704,226,707,252,711,277,718,308
crabs_data/train_data/IMG_0028.JPG,2.6,521,390,466,388,486,398,503,406,522,412,542,407,558,400,579,387,451,336,594,335,356,535,679,533,379,554,407,582,436,593,456,595,596,589,618,582,635,573,656,553,316,299,321,276,324,256,328,239,349,240,357,223,370,209,383,191,648,192,659,208,675,224,685,251,705,235,709,258,713,284,719,313
crabs_data/train_data/IMG_0029.JPG,3.59,436,366,344,372,369,385,394,396,423,404,452,398,469,393,491,381,331,306,519,322,195,549,614,589,215,574,250,613,280,627,309,633,506,647,534,641,560,630,587,608,170,229,174,202,181,179,189,157,215,164,228,145,246,128,264,103,621,138,633,162,647,183,659,216,685,200,689,226,694,260,697,298
crabs_data/train_data/IMG_0030.JPG,3.225,462.5,391,362,408,384,424,402,436,424,446,453,446,477,438,506,430,351,341,533,369,244,556,645,623,259,578,286,608,309,622,336,634,541,669,572,666,592,659,620,640,216,250,220,230,225,208,233,188,260,193,271,173,288,158,304,133,656,172,671,195,693,229,693,272,718,244,724,277,728,310,731,349
crabs_data/train_data/IMG_0031.JPG,3.06,495,389,457,416,476,426,496,434,521,440,542,436,561,429,587,415,443,360,611,362,318,584,685,568,345,602,366,623,397,630,424,632,576,625,607,618,637,607,664,587,276,300,280,272,288,250,296,231,313,230,322,208,338,193,353,170,677,174,688,195,704,213,712,241,740,233,743,260,746,290,752,317
crabs_data/train_data/IMG_0032.JPG,3.985,472.5,360.5,384,353,412,367,441,378,470,386,495,377,529,363,554,345,359,276,573,271,242,620,710,592,270,643,303,671,335,678,370,679,593,666,623,656,655,645,686,617,141,245,141,217,147,190,152,169,194,142,209,115,229,88,250,63,656,50,677,74,703,103,722,142,749,123,760,161,769,195,774,232
crabs_data/train_data/IMG_0033.JPG,2.8,518,370.5,442,414,456,422,472,432,492,438,518,433,532,418,547,406,413,363,561,360,351,537,688,518,375,552,402,567,425,575,450,579,601,573,622,568,640,558,662,540,280,331,276,316,276,302,277,292,300,267,306,242,317,227,330,204,628,171,645,185,664,203,674,233,694,229,703,252,710,278,720,305
crabs_data/train_data/IMG_0035.JPG,3.07,509,388.5,428,394,442,403,460,409,483,417,505,413,522,408,541,396,410,334,565,336,329,551,668,560,346,567,373,591,400,604,426,608,561,615,591,610,616,602,638,581,275,277,277,257,279,242,284,222,309,218,321,199,336,185,350,171,645,171,658,187,674,206,685,233,707,222,714,253,720,278,723,306
crabs_data/train_data/IMG_0037.JPG,1.89,471,359.5,432,373,446,380,458,382,472,385,484,382,495,379,507,372,425,338,520,335,365,463,580,463,383,476,403,495,420,498,435,498,511,497,529,496,545,490,560,478,331,303,333,290,335,278,337,267,352,265,358,252,366,243,377,233,562,231,575,242,584,255,587,269,601,263,605,277,609,296,610,310
crabs_data/train_data/IMG_0038.JPG,3.31,431,390.5,347,389,367,404,393,419,416,426,441,423,465,416,493,402,333,321,521,335,219,576,612,606,240,599,259,625,283,636,306,644,486,666,517,663,549,653,579,627,196,261,200,232,207,208,216,187,241,197,254,175,271,158,287,137,609,163,626,184,642,210,652,241,670,222,677,251,681,285,686,319
crabs_data/train_data/IMG_0039.JPG,3.015,513.5,389,426,415,444,426,465,435,486,442,517,439,534,432,559,416,407,357,581,354,318,562,681,564,343,583,368,603,395,614,417,618,587,618,616,613,635,604,657,584,262,294,265,269,269,248,276,225,301,226,311,205,325,190,339,168,660,177,678,200,694,223,702,250,720,235,727,264,732,291,736,322
crabs_data/train_data/IMG_0041.JPG,4.06,549,389,466,449,489,463,518,478,544,488,572,483,596,474,623,463,446,369,666,392,299,612,745,645,321,631,344,652,368,664,389,668,645,690,668,686,693,677,721,659,264,275,276,251,283,225,288,194,319,195,334,172,352,155,374,129,774,167,790,196,806,223,815,260,845,246,848,278,849,313,852,345
crabs_data/train_data/IMG_0043.JPG,3.15,471,405,412,434,428,443,446,452,470,460,491,456,509,450,537,436,388,373,562,378,280,594,642,601,302,611,325,631,350,640,372,643,564,646,581,640,601,631,622,617,229,312,239,289,243,266,245,245,271,248,278,226,295,208,312,184,637,198,651,220,668,244,674,273,697,262,701,287,705,314,709,337
crabs_data/train_data/IMG_0044.JPG,2.525,520.5,404,465,433,478,444,497,452,515,456,532,450,550,441,565,430,445,385,582,388,358,540,654,548,380,558,404,574,424,580,444,582,579,585,606,581,624,573,642,558,319,339,319,319,322,299,325,279,349,281,351,265,365,248,381,228,644,228,657,244,675,263,680,288,699,283,706,304,709,326,709,349
crabs_data/train_data/IMG_0045.JPG,1.93,538,327,494,346,507,354,522,358,540,362,556,356,568,349,578,343,483,312,586,307,422,443,658,435,438,454,459,469,478,474,495,475,597,472,611,468,626,462,644,447,383,273,384,258,385,245,386,233,404,230,408,219,417,208,428,192,635,184,647,198,657,211,666,229,679,222,683,238,686,258,688,274
crabs_data/train_data/IMG_0046.JPG,3.5,486,412.5,405,438,429,455,454,470,480,478,512,474,535,467,555,454,392,362,589,385,240,602,669,659,264,625,297,654,319,668,346,674,561,703,591,700,613,692,637,678,210,276,216,247,223,219,233,187,263,202,274,176,297,158,318,126,711,176,726,202,743,237,750,279,779,255,784,288,782,328,780,370
crabs_data/train_data/IMG_0048.JPG,2.575,523.5,396.5,460,408,477,422,494,434,513,437,531,435,547,427,561,417,450,358,584,371,354,526,659,553,373,547,393,564,418,575,440,580,573,595,596,593,614,587,635,571,320,301,325,278,332,256,338,239,358,242,367,227,379,214,394,196,669,216,686,243,701,266,702,292,719,281,724,307,725,333,730,353
crabs_data/train_data/IMG_0049.JPG,2.77,444,351.5,373,402,391,411,405,417,422,418,440,414,456,406,469,392,344,341,488,345,288,509,619,518,309,521,334,538,354,546,375,552,517,564,545,561,568,556,596,534,212,275,212,258,213,240,214,218,240,219,243,198,256,183,271,162,570,162,593,183,611,205,618,233,636,232,643,254,651,281,657,308
crabs_data/train_data/IMG_0050.JPG,2.05,490,310.5,452,307,462,314,473,323,490,325,507,325,518,318,528,312,444,267,545,277,377,427,593,436,391,442,405,456,423,463,442,467,529,472,548,470,564,466,579,451,342,241,346,223,352,206,358,191,370,198,379,183,392,174,402,162,601,179,609,194,620,206,626,223,638,216,641,235,644,254,645,270
crabs_data/train_data/IMG_0051.JPG,2.985,429.5,378,371,413,383,422,400,432,424,439,448,437,464,430,484,413,346,352,512,358,245,547,594,571,273,569,293,587,323,599,346,601,504,611,527,609,547,602,571,587,200,281,202,263,208,239,216,213,238,222,246,203,262,184,278,161,603,182,615,202,631,225,639,249,658,244,663,268,668,299,670,324
crabs_data/train_data/IMG_0052.JPG,2.87,485,437.5,438,479,452,492,471,499,493,503,513,501,532,497,550,484,418,428,577,436,301,597,638,615,324,615,350,633,379,642,403,645,544,651,567,648,590,642,613,631,266,357,272,334,279,312,287,294,305,293,315,274,330,258,345,238,660,257,676,279,690,300,697,320,713,316,719,341,721,367,724,392
crabs_data/train_data/IMG_0053.JPG,3.155,494.5,401,410,443,430,457,452,468,480,475,504,466,524,454,542,438,388,382,557,377,297,576,702,572,321,602,354,624,380,634,406,640,593,644,619,636,645,624,672,604,234,335,232,303,237,277,243,246,269,253,280,230,292,213,309,190,631,175,656,197,677,214,685,248,707,240,721,265,730,297,735,327
crabs_data/train_data/IMG_0054.JPG,2.055,519.5,376.5,462,388,475,396,490,399,504,399,517,392,527,383,535,374,447,359,537,340,408,482,626,443,428,493,447,503,466,505,482,505,569,490,588,481,600,473,613,458,354,346,351,331,352,315,352,302,368,304,370,286,378,274,385,262,558,228,573,237,585,247,593,264,605,257,613,271,619,288,622,302
crabs_data/train_data/IMG_0055.JPG,2.625,485.5,346.5,427,343,444,352,461,359,483,362,503,359,521,353,539,344,413,289,558,297,326,500,632,512,348,519,370,542,389,552,411,556,547,561,567,558,588,552,606,533,284,252,289,228,294,211,297,193,322,195,330,179,340,168,352,151,627,158,641,174,652,194,660,215,681,201,685,230,687,257,694,281
crabs_data/train_data/IMG_0056.JPG,2.105,591.5,270,550,281,561,289,577,294,593,298,610,292,621,287,634,280,539,242,648,240,466,398,713,396,488,412,506,429,525,436,542,438,635,438,652,435,671,428,691,412,429,210,433,195,436,179,439,165,455,166,462,149,471,138,480,127,699,125,711,140,721,155,731,172,741,159,747,179,751,202,754,227
crabs_data/train_data/IMG_0057.JPG,2.85,470,256,401,293,419,303,438,309,457,311,476,309,496,303,517,290,385,245,532,243,303,423,626,414,326,438,352,454,376,463,401,466,532,462,559,456,578,448,601,433,239,194,242,173,245,153,248,132,272,132,278,110,290,94,302,74,602,70,618,85,632,102,642,125,658,119,667,141,671,169,674,200
crabs_data/train_data/IMG_0058.JPG,3.545,519.5,458.5,388,473,408,489,434,508,459,515,489,509,512,500,539,482,369,406,559,416,292,644,731,654,316,666,342,691,372,704,399,712,569,730,609,729,644,717,691,687,228,339,226,313,227,288,230,266,261,267,272,245,281,225,294,197,670,207,689,233,704,255,717,281,738,277,753,315,758,345,765,374
crabs_data/train_data/IMG_0059.JPG,3.05,551,424,444,428,462,446,482,459,511,469,538,466,557,457,584,443,431,368,607,383,336,589,708,634,356,615,382,639,399,648,417,655,580,678,610,680,646,675,674,652,301,304,301,279,304,258,309,236,335,244,344,219,359,201,374,179,712,203,729,227,741,249,751,273,771,267,780,296,784,328,788,359
crabs_data/train_data/IMG_0061.JPG,2.105,544.5,317.5,517,317,532,327,547,334,566,335,583,331,592,323,603,315,505,279,614,277,425,433,671,425,450,453,470,471,486,476,502,476,603,470,620,466,635,460,653,441,394,248,395,233,398,218,402,205,415,205,422,190,431,176,440,165,651,163,660,178,669,192,677,208,689,198,695,218,697,238,700,255
crabs_data/train_data/IMG_0062.JPG,3.47,563,352,463,355,480,376,497,395,524,413,553,416,577,412,606,407,464,283,656,353,256,416,686,622,273,468,306,537,335,562,356,572,520,639,555,649,600,652,646,640,326,163,335,140,349,117,369,88,393,106,408,84,430,68,459,46,817,172,824,203,839,237,826,270,864,268,857,305,847,338,837,373
crabs_data/train_data/IMG_0063.JPG,2.88,423,387,367,410,383,420,398,429,418,435,439,429,457,421,474,412,350,361,496,364,262,529,579,535,286,547,309,563,332,570,351,573,474,577,499,577,527,569,554,552,215,312,217,286,221,264,228,242,249,248,254,224,267,208,281,188,568,194,584,219,597,237,597,261,619,258,627,279,627,305,628,327
crabs_data/train_data/IMG_0064.JPG,3.91,495,398,370,430,392,440,418,450,450,461,478,452,506,438,536,421,337,357,554,343,254,653,712,628,285,673,316,699,347,705,385,711,578,707,615,700,658,683,687,655,152,300,155,267,159,238,158,217,196,213,206,185,223,159,238,132,640,98,662,123,682,145,700,181,730,168,746,204,755,242,763,282
crabs_data/train_data/IMG_0066.JPG,2.455,444.5,407.5,418,434,434,442,450,450,467,456,484,452,501,444,520,433,405,389,539,391,297,544,584,540,316,562,338,580,360,584,376,586,507,583,530,577,550,568,568,555,265,330,269,315,274,297,282,277,300,279,306,260,320,247,338,227,601,236,612,255,623,272,628,297,649,288,651,312,652,336,649,355
crabs_data/train_data/IMG_0067.JPG,3.405,528.5,369,430,369,453,381,473,390,500,400,531,395,560,385,580,375,418,305,601,309,304,553,717,574,336,581,369,611,403,621,431,629,588,637,620,635,648,629,684,600,256,256,260,228,268,205,271,176,304,182,310,159,328,141,347,113,703,121,717,143,737,163,751,202,774,193,781,226,789,257,791,291
crabs_data/train_data/IMG_0069.JPG,3.265,464.5,342.5,380,372,399,384,422,398,451,403,478,396,496,387,518,374,357,311,541,312,264,526,654,531,290,548,322,571,352,585,377,588,553,591,579,585,607,571,631,552,205,248,205,217,206,193,210,172,242,178,248,157,261,139,272,113,633,112,647,137,662,163,668,190,695,177,702,207,706,237,711,267
crabs_data/train_data/IMG_0070.JPG,1.83,528,364.5,486,375,498,383,510,388,526,389,539,386,548,380,559,375,475,344,570,342,423,469,640,455,441,481,457,494,471,497,488,499,568,498,585,494,605,487,623,470,392,312,393,297,394,284,397,274,411,277,414,266,421,253,429,243,613,238,624,253,632,266,637,285,647,269,652,284,654,301,659,319
crabs_data/train_data/IMG_0071.JPG,3.125,539.5,411.5,456,432,480,447,501,459,531,465,555,459,576,452,597,440,441,366,621,378,335,598,706,624,356,617,380,637,401,648,420,652,607,671,631,668,656,660,678,645,289,311,293,284,298,259,303,229,330,244,337,222,353,203,371,176,717,199,729,221,748,246,754,283,780,260,784,289,787,318,790,357
crabs_data/train_data/IMG_0072.JPG,2.55,591,302.5,538,350,555,360,572,367,595,371,615,364,632,357,650,348,523,306,670,301,433,443,716,440,451,454,473,467,491,469,508,471,659,464,674,461,690,455,703,447,384,254,386,235,389,216,393,196,416,192,421,177,431,159,443,142,742,135,754,154,765,172,770,195,794,187,792,210,795,234,796,255
crabs_data/train_data/IMG_0073.JPG,3.195,556.5,385,469,375,487,389,508,403,534,410,558,406,584,397,609,389,458,312,634,330,358,563,701,599,379,588,399,611,421,619,438,623,606,648,628,644,653,638,677,619,317,259,322,233,328,210,334,178,359,194,374,173,391,155,404,127,743,170,757,193,772,219,780,250,800,229,804,262,803,294,808,327
crabs_data/train_data/IMG_0074.JPG,2.905,459.5,396.5,398,415,417,429,434,441,458,447,482,445,500,436,520,424,384,358,542,370,263,557,612,579,284,580,313,609,339,617,363,625,516,632,544,625,565,616,589,598,225,296,231,271,238,249,246,219,271,230,284,207,299,190,312,167,630,199,642,222,655,245,663,276,689,261,691,290,694,319,695,352
crabs_data/train_data/IMG_0075.JPG,2.32,444,309.5,398,333,415,343,432,350,452,349,469,342,480,334,491,327,380,294,501,286,327,455,579,436,350,468,376,485,393,488,411,489,513,479,533,475,550,466,566,449,259,269,261,250,262,229,264,210,284,214,288,194,298,178,305,159,547,139,558,158,573,171,583,193,597,178,603,197,610,221,614,247
crabs_data/train_data/IMG_0077.JPG,1.75,513,362.5,482,365,493,371,503,374,516,378,529,375,540,370,552,365,472,333,562,334,415,457,610,453,430,471,444,484,457,489,469,491,557,487,571,484,585,478,600,464,386,313,387,297,389,283,394,269,406,268,412,259,419,251,428,240,597,241,607,254,616,266,623,280,632,270,635,287,638,301,640,318
crabs_data/train_data/IMG_0078.JPG,1.77,482,297.5,451,308,462,312,474,317,488,322,499,319,510,314,524,307,440,275,535,272,382,406,580,403,398,417,412,434,425,438,437,438,516,438,534,433,552,426,569,413,346,250,347,234,350,222,354,204,368,209,372,195,382,185,390,172,570,174,579,186,589,199,596,216,606,204,612,221,613,240,615,258
crabs_data/train_data/IMG_0079.JPG,3.505,550.5,395,457,411,483,427,510,437,540,446,567,442,592,431,622,418,442,338,643,352,306,584,734,624,339,614,374,651,398,662,420,666,616,680,645,674,676,667,705,645,265,276,269,244,276,220,282,193,313,202,321,174,338,156,361,125,746,146,757,168,774,190,791,227,819,217,821,247,826,284,834,320
crabs_data/train_data/IMG_0080.JPG,2.39,465,292,421,323,439,332,457,336,474,337,492,330,508,318,522,309,403,284,530,264,344,454,604,418,365,465,387,479,407,481,426,478,540,462,556,456,573,448,588,434,275,260,273,244,274,224,275,203,292,191,299,174,308,160,316,146,569,110,583,128,597,143,604,163,623,151,628,178,633,200,639,221
crabs_data/train_data/IMG_0081.JPG,2.495,503.5,425.5,447,455,467,464,487,471,508,474,527,467,543,459,558,449,433,413,569,410,373,580,648,564,390,591,407,603,430,607,448,609,574,605,594,600,613,593,631,579,308,374,309,355,310,338,314,316,329,310,338,294,351,280,364,262,627,256,642,274,657,290,667,309,681,303,687,327,692,352,697,371
crabs_data/train_data/IMG_0082.JPG,3.005,559.5,335.5,507,350,526,362,549,371,574,375,595,368,613,359,635,347,488,293,655,291,398,528,722,527,421,546,439,563,466,571,489,573,654,567,674,562,692,556,706,540,325,257,328,233,333,212,341,189,361,187,367,163,385,143,399,119,713,107,730,133,752,155,760,185,783,167,789,199,794,230,802,256
crabs_data/train_data/IMG_0083.JPG,2.845,488.5,417,425,444,440,456,459,469,486,477,508,474,528,463,546,450,407,384,568,394,306,584,642,608,326,602,346,620,372,632,390,635,563,646,586,641,605,634,624,621,263,329,269,304,273,283,280,261,303,267,310,241,325,226,340,208,655,224,670,245,687,269,690,292,710,282,717,313,719,341,719,366
crabs_data/train_data/IMG_0085.JPG,2.14,497,314,447,330,460,336,476,345,496,349,512,345,525,338,537,331,437,286,552,288,369,441,613,444,386,452,402,469,420,475,439,478,544,478,561,476,580,470,596,456,330,250,333,228,336,213,339,201,356,203,361,185,370,173,381,161,609,163,619,178,632,197,634,219,649,208,653,226,654,247,658,266
crabs_data/train_data/IMG_0086.JPG,2.565,521.5,301.5,481,334,497,344,513,349,533,355,553,351,568,345,587,332,465,286,606,284,377,466,666,455,399,480,418,496,441,501,457,502,578,497,598,493,620,487,644,471,315,236,318,216,322,200,326,178,344,178,355,153,369,134,381,116,675,115,689,139,702,161,710,185,729,173,733,198,735,220,737,248
crabs_data/train_data/IMG_0087.JPG,3.06,524,391.5,458,416,475,428,497,441,521,446,542,444,562,437,585,424,440,351,609,361,324,570,686,600,348,588,373,610,398,620,421,625,584,638,613,637,638,630,661,617,283,290,287,263,292,238,300,214,328,219,336,195,352,179,371,158,702,178,715,198,732,220,739,248,767,240,770,270,774,304,776,335
crabs_data/train_data/IMG_0088.JPG,1.585,540.5,352.5,515,356,524,361,534,365,546,369,558,366,568,361,576,354,508,328,584,328,462,437,623,437,475,447,486,457,497,460,508,460,577,463,589,460,601,456,612,446,433,308,435,294,437,282,440,271,451,272,456,260,464,253,470,245,619,246,628,259,638,270,642,281,650,272,653,290,654,303,656,316
crabs_data/train_data/IMG_0089.JPG,2.845,497.5,350.5,428,357,446,373,462,386,486,395,510,392,527,382,550,371,418,307,570,316,320,504,637,534,342,522,362,546,381,556,402,561,548,573,572,571,596,562,614,548,287,256,287,234,292,215,297,191,317,202,326,180,342,163,359,141,654,163,667,183,682,205,690,237,707,220,713,249,714,271,712,296
crabs_data/train_data/IMG_0090.JPG,2.91,465,397,386,417,407,434,424,444,446,453,471,452,489,442,513,427,374,364,532,374,281,572,621,585,299,591,322,612,341,620,365,625,526,636,547,631,571,623,596,603,235,304,237,283,241,263,245,243,269,249,276,228,294,211,312,188,617,212,632,232,649,254,656,284,672,274,679,299,681,325,682,349
crabs_data/train_data/IMG_0091.JPG,2.97,447,383.5,335,411,356,430,375,447,400,454,420,450,442,442,464,429,314,353,488,371,253,549,618,598,272,568,294,587,315,602,343,610,491,638,524,640,559,633,590,614,202,279,196,255,196,231,200,212,233,219,235,192,246,170,259,150,602,168,621,191,637,213,639,255,667,241,673,272,676,307,668,341
crabs_data/train_data/IMG_0092.JPG,1.76,485,396,447,413,459,421,470,426,483,430,495,427,506,423,517,418,439,382,530,388,377,485,572,496,387,494,401,506,413,512,424,514,522,519,535,516,547,510,559,504,362,346,362,333,364,321,368,311,381,316,382,301,390,291,400,279,581,291,590,304,597,319,598,337,612,327,613,343,610,361,609,376
crabs_data/train_data/IMG_0094.JPG,3.015,424.5,390.5,344,432,361,445,385,458,410,462,433,456,451,448,473,435,321,373,491,374,246,564,590,587,266,580,295,604,320,615,346,620,502,626,526,624,546,620,565,603,189,320,190,294,193,272,195,247,223,256,224,233,237,211,250,187,580,189,597,210,613,236,614,262,638,255,645,284,652,310,658,334
crabs_data/train_data/IMG_0095.JPG,2.88,453,388,371,419,388,432,409,444,435,450,460,444,477,434,499,422,350,361,516,363,259,537,625,560,289,565,313,587,336,598,357,603,524,612,551,608,574,599,599,581,212,309,216,285,220,258,221,233,250,237,251,215,264,197,277,174,606,177,621,198,635,218,641,253,663,246,670,271,674,302,682,325
crabs_data/train_data/IMG_0097.JPG,1.985,510.5,391,456,397,469,406,481,411,498,413,512,408,525,402,537,392,443,358,547,356,391,506,622,497,412,523,429,536,445,541,459,543,554,542,571,539,586,532,602,515,357,332,360,316,362,304,363,290,377,291,382,279,389,270,396,258,598,251,609,267,618,280,624,297,634,289,638,307,643,326,647,339
crabs_data/train_data/IMG_0100.JPG,3.095,490.5,383.5,429,421,446,431,467,439,491,440,509,432,528,422,548,409,406,368,559,349,333,568,675,540,353,581,379,598,401,603,421,604,590,591,615,583,640,571,659,555,258,338,254,315,253,291,261,270,284,268,285,247,297,228,310,206,612,168,631,186,650,206,659,232,679,222,690,248,698,274,703,297
crabs_data/train_data/IMG_0101.JPG,1.925,511.5,367.5,471,388,485,397,499,401,515,404,529,398,541,392,550,384,458,353,560,345,402,493,639,476,418,504,432,516,450,519,469,522,569,518,591,512,608,505,622,492,357,324,357,306,361,293,362,281,378,284,379,268,388,253,400,240,607,225,620,240,631,257,636,271,650,262,657,283,660,299,663,318
crabs_data/train_data/IMG_0102.JPG,2.24,466,333.5,411,353,423,360,439,367,455,369,468,365,482,359,496,348,399,313,507,306,346,472,592,465,364,485,379,499,393,502,410,504,531,504,547,499,563,493,577,478,299,289,298,273,298,258,303,240,319,240,324,224,333,210,341,196,558,182,572,194,583,209,591,230,604,221,611,240,615,263,618,279
crabs_data/train_data/IMG_9911.JPG,1.835,541.5,340,493,350,508,358,522,361,538,361,553,356,563,351,573,347,483,317,579,312,440,449,648,442,456,462,472,477,489,481,504,482,588,478,605,474,620,469,634,454,397,295,399,276,401,261,402,249,418,257,420,240,431,227,440,210,621,207,633,219,645,230,647,246,657,240,662,256,669,273,672,290
crabs_data/train_data/IMG_9912.JPG,1.71,494,395,453,406,464,412,475,417,489,420,501,417,511,411,521,406,442,377,531,374,388,489,578,489,404,499,416,511,429,516,445,517,518,516,537,515,552,509,566,498,356,349,359,333,364,319,366,310,378,311,383,299,391,289,399,279,568,278,579,290,587,302,590,314,603,308,607,326,609,341,612,354
crabs_data/train_data/IMG_9913.JPG,2.035,508.5,416.5,472,455,487,461,503,461,519,457,529,446,538,438,547,431,451,434,548,395,426,549,652,460,450,559,475,566,499,562,520,556,584,532,607,521,626,507,638,487,344,430,342,417,340,404,339,392,351,386,351,370,356,358,360,345,551,271,568,279,580,287,587,297,601,291,609,306,617,319,621,334
crabs_data/train_data/IMG_9914.JPG,1.985,514.5,295.5,467,291,483,299,496,303,513,305,528,302,538,296,547,287,454,251,557,250,389,399,627,393,410,414,430,437,459,440,482,440,537,438,562,437,585,430,607,410,357,232,359,213,361,200,365,181,383,186,386,169,397,157,407,145,593,140,604,151,615,165,621,184,635,172,643,191,647,212,650,231
crabs_data/train_data/IMG_9915.JPG,2.195,498.5,383.5,480,392,493,400,511,403,527,406,542,400,555,395,567,385,465,355,579,346,381,509,638,494,399,521,427,544,450,550,471,551,550,543,577,538,603,528,620,513,345,316,347,302,349,285,354,269,369,274,374,254,386,240,398,225,614,215,628,229,640,244,647,258,662,251,668,273,672,294,676,311
crabs_data/train_data/IMG_9916.JPG,1.475,517.5,365.5,498,360,509,365,522,369,533,369,542,365,550,362,558,356,487,333,564,329,430,458,616,448,449,470,466,492,487,496,507,495,548,492,570,487,588,479,604,461,404,312,403,299,406,288,409,279,419,284,423,276,429,266,437,257,582,253,591,264,602,274,606,287,617,274,622,291,626,305,629,319
crabs_data/train_data/IMG_9917.JPG,1.75,479,347.5,440,369,452,376,464,382,480,384,495,381,506,375,520,368,432,336,530,332,366,439,593,444,380,450,400,468,423,477,444,478,515,481,537,478,558,471,575,459,339,295,341,282,343,269,345,255,360,254,364,243,372,233,382,219,580,219,590,233,601,245,605,260,620,253,622,272,625,291,628,308
crabs_data/train_data/IMG_9919.JPG,1.92,484,330,454,349,469,356,481,362,496,367,510,364,521,357,533,348,444,315,549,316,367,439,599,438,384,453,403,470,428,477,452,477,511,477,539,476,563,469,580,456,342,274,346,259,348,246,352,231,367,231,373,216,383,206,393,194,594,199,604,216,615,228,620,244,635,242,635,260,636,277,639,291
crabs_data/train_data/IMG_9920.JPG,1.845,502.5,377,454,390,465,398,478,403,493,406,507,403,520,396,531,389,442,359,544,357,388,473,612,470,402,487,421,501,441,507,459,509,534,509,554,507,575,502,589,490,356,321,356,308,357,296,358,285,375,282,380,270,389,260,398,246,587,248,598,260,610,272,614,287,629,287,632,302,635,319,637,333
crabs_data/train_data/IMG_9921.JPG,2.72,455,436,386,487,402,499,421,510,445,516,467,510,482,502,496,494,368,442,514,449,297,563,625,566,325,585,346,596,370,603,394,606,529,610,553,607,576,602,605,584,234,376,232,358,234,342,239,325,264,322,269,302,281,289,293,273,588,282,609,300,622,319,627,340,647,330,655,354,659,377,664,398
crabs_data/train_data/IMG_9922.JPG,1.945,508.5,392.5,466,390,478,399,493,404,510,407,524,402,534,396,546,387,450,352,555,348,385,503,636,488,407,519,431,540,457,544,482,545,542,542,568,538,596,531,618,507,352,333,353,314,355,299,360,285,376,286,379,276,388,266,395,255,595,241,608,255,620,267,626,279,639,270,643,287,649,307,652,328
crabs_data/train_data/IMG_9923.JPG,1.965,515.5,406,473,405,487,415,502,422,518,424,533,418,543,413,553,405,460,369,564,366,394,519,643,507,414,533,437,554,464,559,489,560,557,557,584,554,603,547,626,526,362,343,362,328,366,313,372,300,386,304,389,290,398,279,407,270,605,258,616,269,627,280,634,297,648,289,653,308,657,325,663,345
crabs_data/train_data/IMG_9924.JPG,2.015,570.5,348,522,385,537,394,551,402,569,402,587,398,601,391,616,382,516,345,625,343,434,456,692,458,452,472,475,489,495,498,515,500,617,497,638,493,659,485,675,472,407,309,408,294,410,276,414,260,431,257,434,243,444,232,455,221,679,213,691,226,702,242,707,259,723,250,727,267,729,283,730,300
crabs_data/train_data/IMG_9926.JPG,2.045,509.5,369,457,404,470,412,482,419,501,424,515,418,527,412,539,405,439,369,548,370,391,474,642,477,411,489,428,499,446,506,466,509,555,514,583,512,605,504,626,491,344,325,342,310,343,298,346,284,361,278,366,262,373,251,383,237,606,240,618,251,629,265,636,284,647,277,654,297,659,317,664,336
crabs_data/train_data/IMG_9927.JPG,1.815,511.5,316.5,475,354,488,360,500,365,517,368,529,363,540,355,552,348,463,321,557,315,411,415,637,403,431,430,449,438,473,443,492,445,564,440,587,437,605,429,621,418,367,288,366,278,365,267,366,257,381,247,384,233,391,221,399,209,604,195,616,207,627,220,634,238,643,229,649,241,653,258,655,275
crabs_data/train_data/IMG_9928.JPG,2.18,487,342.5,430,364,445,373,460,381,479,386,493,381,506,375,518,366,420,324,528,325,362,451,619,462,380,469,401,483,418,491,437,496,526,500,555,500,579,491,597,479,323,279,321,266,322,252,325,238,343,232,347,218,356,208,365,195,592,195,603,207,614,225,621,244,634,238,640,257,646,281,649,297
crabs_data/train_data/IMG_9929.JPG,1.8,540,352.5,504,367,514,375,526,379,541,382,556,378,566,374,577,367,494,332,588,337,424,447,642,464,441,464,459,483,485,494,512,498,561,499,587,497,606,491,623,477,404,301,406,287,410,271,414,256,427,259,434,246,444,236,453,223,638,235,649,246,659,260,664,276,676,270,679,289,680,308,681,322
crabs_data/train_data/IMG_9930.JPG,1.85,529,357.5,489,360,499,369,510,373,524,377,538,374,549,370,561,362,479,326,573,329,405,451,631,460,422,465,441,487,464,497,488,500,550,502,569,499,591,493,609,479,385,296,388,281,391,264,397,250,410,252,418,239,427,229,436,216,624,231,634,243,645,257,651,268,663,264,666,284,667,300,668,318
crabs_data/train_data/IMG_9932.JPG,2.06,563,408.5,517,434,529,442,543,450,559,454,576,451,590,442,605,435,504,399,616,396,418,509,679,520,442,529,459,542,481,550,504,555,595,556,619,553,639,546,662,533,399,352,403,335,406,321,410,309,427,308,430,294,440,282,450,268,678,276,688,291,697,309,702,328,717,317,720,337,721,362,723,379
crabs_data/train_data/IMG_9934.JPG,1.955,484.5,389.5,440,408,453,414,465,416,477,418,489,412,501,405,511,399,418,371,520,361,372,505,601,489,392,519,416,534,438,538,461,538,518,536,542,532,567,523,585,506,325,342,325,328,325,314,325,301,341,303,345,291,354,276,364,264,556,244,567,255,579,265,587,282,600,273,605,291,612,309,620,330
crabs_data/train_data/IMG_9935.JPG,2.11,446,401.5,384,429,397,439,410,447,430,451,447,447,462,440,473,430,369,390,491,389,308,510,576,524,328,529,351,544,375,554,402,556,495,561,523,556,545,550,563,536,268,337,269,323,269,309,271,295,292,297,295,282,304,270,314,254,544,256,558,272,571,287,576,308,591,299,597,318,605,337,608,360
crabs_data/train_data/IMG_9936.JPG,2.3,408,361.5,347,403,360,412,375,419,392,421,410,417,423,407,435,396,325,368,447,357,282,478,544,462,305,494,328,506,348,511,374,512,463,506,492,501,510,493,529,479,224,329,221,312,221,298,220,284,240,279,244,264,250,252,259,235,486,220,502,233,514,246,523,266,530,250,542,270,550,290,556,315
crabs_data/train_data/IMG_9937.JPG,1.865,559.5,434.5,499,458,511,469,524,476,540,479,555,473,567,468,577,464,485,428,587,432,437,515,674,529,456,532,473,543,495,550,515,554,605,560,620,560,637,554,660,540,400,379,400,365,403,347,407,330,420,340,426,326,434,315,442,307,640,316,655,326,667,340,672,360,682,355,690,373,694,393,698,406
crabs_data/train_data/IMG_9939.JPG,2.62,423,386,369,400,386,413,402,419,423,424,444,421,461,413,478,403,354,352,497,353,257,536,588,534,285,559,310,582,337,592,361,594,464,596,501,593,534,581,565,555,219,312,222,294,228,276,233,254,259,246,267,225,279,211,293,194,559,200,571,220,586,239,593,264,610,250,617,275,624,298,627,323
crabs_data/train_data/IMG_9940.JPG,2.14,495,306.5,459,302,473,310,487,317,508,321,524,317,537,312,553,304,447,260,564,260,345,422,630,441,381,451,414,485,454,491,482,491,524,491,558,489,585,484,609,464,331,232,335,216,340,197,347,182,363,182,368,165,380,156,390,142,610,141,623,162,634,177,641,191,656,183,660,204,666,224,671,243
crabs_data/train_data/IMG_9941.JPG,2.545,522.5,336.5,478,370,494,380,510,387,531,392,548,387,562,380,579,368,467,327,599,320,360,478,668,471,384,499,413,518,440,527,464,528,566,521,597,517,621,508,647,490,329,280,331,264,334,247,338,228,362,224,371,200,382,185,394,168,655,165,665,179,674,195,682,215,706,218,712,240,715,259,715,281
crabs_data/train_data/IMG_9943.JPG,2.565,668.5,356,587,400,601,409,615,416,636,422,657,418,675,410,691,403,569,359,699,353,513,486,828,484,541,504,560,513,586,519,612,521,721,524,754,524,777,518,797,506,450,312,451,294,454,276,452,254,478,256,481,239,490,224,499,207,767,192,783,210,801,231,811,249,824,239,833,263,840,286,847,315
crabs_data/train_data/IMG_9944.JPG,2.53,555,397.5,525,410,539,419,554,425,573,429,589,426,606,419,623,410,515,361,636,360,402,534,701,536,426,552,447,571,474,581,500,583,599,581,628,580,651,571,672,556,376,325,383,304,390,285,395,261,413,267,418,249,432,236,447,218,689,224,700,241,713,256,719,277,739,271,741,294,747,316,750,337
crabs_data/train_data/IMG_9945.JPG,1.84,505,368,482,388,494,394,506,399,520,401,534,398,543,392,553,387,472,352,562,350,392,473,617,469,414,486,432,502,458,506,480,507,549,503,570,501,585,495,599,483,371,325,376,309,380,295,382,281,396,287,400,270,410,260,420,247,601,245,610,258,622,272,626,285,638,279,642,297,647,315,647,329
crabs_data/train_data/IMG_9946.JPG,2.355,536.5,368.5,499,387,513,396,528,404,547,408,565,404,579,395,591,383,485,342,609,339,374,499,681,497,402,521,426,544,452,553,482,555,581,551,612,545,635,538,660,517,351,306,354,288,358,270,365,251,380,252,387,232,398,218,411,200,660,192,672,209,689,226,695,247,713,242,720,265,722,283,724,303
crabs_data/train_data/IMG_9947.JPG,2.245,538.5,351.5,491,360,507,368,521,375,536,379,550,376,565,369,580,361,480,319,594,323,398,469,669,470,416,484,439,506,461,514,484,518,573,518,598,517,624,509,646,491,370,281,371,263,374,245,379,229,399,230,404,214,414,205,423,192,648,194,660,209,675,225,681,247,694,239,700,259,703,282,706,298
crabs_data/train_data/IMG_9948.JPG,1.885,540.5,404.5,487,435,500,442,513,448,527,451,538,449,549,443,561,439,474,406,575,402,437,510,660,498,456,522,473,531,492,535,513,537,583,535,604,535,625,529,639,517,388,375,387,358,388,343,391,331,407,332,408,317,417,307,422,295,617,283,630,294,643,309,647,321,658,312,665,327,671,345,675,361
crabs_data/train_data/IMG_9950.JPG,1.83,412,303.5,373,340,383,347,393,353,405,356,417,356,430,353,446,348,357,298,463,316,287,376,514,417,304,397,318,408,337,420,355,425,433,438,454,440,476,437,495,429,271,241,271,225,276,210,281,198,295,201,303,186,316,176,330,165,529,202,539,216,550,230,553,251,568,248,570,266,569,285,569,302
crabs_data/train_data/IMG_9951.JPG,2.485,592.5,407.5,529,446,545,452,560,459,578,463,594,463,609,460,625,454,508,392,652,396,427,534,744,544,452,556,475,573,496,582,517,586,641,592,669,588,695,581,716,567,384,334,386,316,388,297,393,282,414,284,421,265,434,247,450,230,717,230,737,250,754,270,761,294,781,286,788,310,791,334,793,355
crabs_data/train_data/IMG_9952.JPG,1.99,512,329.5,462,365,475,368,488,372,502,374,514,373,524,369,535,365,440,316,555,317,376,437,633,438,394,455,414,469,434,477,457,481,546,483,572,480,592,473,611,456,340,276,340,259,342,244,345,229,363,224,372,209,381,197,392,184,605,187,621,203,636,218,641,235,655,228,661,249,664,269,666,287
crabs_data/train_data/IMG_9954.JPG,1.765,507.5,423,471,439,483,446,494,451,507,453,519,454,534,449,548,442,462,403,565,408,381,514,611,527,400,534,417,550,442,558,465,560,534,560,555,559,578,553,593,542,370,365,372,353,376,339,381,326,393,322,400,309,411,301,420,286,611,301,620,315,630,330,633,345,645,338,647,355,648,370,649,384
crabs_data/train_data/IMG_9955.JPG,1.91,534,340.5,468,347,478,354,490,363,502,366,515,365,527,361,542,355,459,315,554,323,408,414,624,438,426,434,440,446,461,456,484,461,549,468,568,468,587,463,604,452,385,278,386,265,387,251,387,240,403,241,411,227,417,218,422,207,614,219,622,233,632,248,635,262,648,258,650,277,652,291,653,304
crabs_data/train_data/IMG_9957.JPG,2.015,417.5,417.5,381,420,397,428,411,434,427,437,442,435,455,428,470,418,369,377,480,376,287,536,548,533,310,556,334,575,364,583,390,582,468,579,489,576,509,566,528,552,254,348,258,331,262,313,266,296,285,296,292,282,302,273,311,256,522,261,533,277,547,289,553,305,568,297,573,316,579,337,580,354
crabs_data/train_data/IMG_9959.JPG,1.93,446,332.5,404,362,415,371,428,376,442,379,457,375,471,369,486,361,388,327,495,325,344,437,574,427,365,450,381,460,404,464,425,465,488,464,515,462,540,456,556,443,289,286,290,273,290,261,290,247,305,241,313,227,322,216,330,204,544,198,558,212,570,227,575,243,588,238,593,257,597,275,600,294
crabs_data/train_data/IMG_9960.JPG,2.54,616,337,581,355,593,363,609,369,629,373,645,370,659,364,674,356,569,308,691,314,459,462,728,474,484,479,503,502,527,513,552,515,632,514,662,513,688,506,709,489,442,264,446,245,450,227,456,209,473,205,483,190,496,177,509,164,741,180,756,196,767,214,773,231,790,224,791,249,792,273,794,292
crabs_data/train_data/IMG_9961.JPG,1.61,515,404,475,400,484,404,494,407,507,408,517,407,525,403,535,399,462,361,549,366,398,481,609,494,412,495,434,520,464,525,484,528,527,529,552,529,573,526,589,506,388,340,390,326,394,314,398,300,411,304,416,295,424,287,431,276,593,283,603,296,612,307,616,321,623,309,627,325,631,340,633,356
crabs_data/train_data/IMG_9963.JPG,1.885,497.5,318.5,468,323,479,328,490,331,502,331,514,328,524,321,537,315,447,281,544,278,387,430,618,419,405,445,425,464,454,469,482,471,535,467,558,464,582,456,600,437,350,264,350,250,353,238,356,219,371,222,377,210,385,202,393,188,583,183,593,193,604,204,609,220,623,207,628,223,635,239,637,259
crabs_data/train_data/IMG_9964.JPG,1.985,446.5,406.5,413,411,424,418,436,425,450,425,462,421,474,414,485,404,393,374,495,366,332,524,576,506,356,541,378,556,406,562,431,561,488,557,516,551,542,542,560,522,290,353,292,337,295,320,297,304,315,307,320,292,331,282,337,268,537,259,548,269,560,280,565,295,578,285,585,302,591,319,595,339
crabs_data/train_data/IMG_9965.JPG,2.105,541.5,370,499,383,513,389,525,393,540,397,555,394,565,386,580,381,478,336,598,331,398,501,672,498,420,520,439,542,463,549,486,553,578,550,603,548,631,538,651,519,365,296,367,281,371,269,376,252,390,254,396,237,404,227,416,211,646,203,658,219,670,233,677,254,691,238,697,257,702,278,706,303
crabs_data/train_data/IMG_9966.JPG,2.24,576,370,538,402,551,408,564,413,578,418,593,418,609,411,626,404,517,357,648,347,428,517,727,501,454,539,474,556,509,565,543,567,636,558,664,551,687,540,706,524,388,319,388,299,391,280,397,262,411,260,417,238,430,223,440,207,695,191,708,205,724,222,729,243,747,234,752,255,758,277,762,302
crabs_data/train_data/IMG_9967.JPG,2.395,612.5,320,560,339,574,348,587,357,605,362,623,361,640,354,661,344,547,294,681,296,444,456,745,470,467,471,487,495,513,506,544,510,621,513,653,512,693,504,717,491,420,244,425,221,431,204,436,189,452,192,461,171,476,158,488,141,754,151,762,169,776,189,783,211,802,202,806,225,810,248,814,263
crabs_data/train_data/IMG_9968.JPG,2.24,598,268,591,315,603,316,615,312,626,307,636,300,647,292,658,280,551,274,641,214,560,448,765,309,590,448,607,455,630,450,650,438,713,394,730,379,750,357,759,332,435,307,428,292,422,275,419,257,430,253,426,238,428,222,431,202,614,85,631,93,649,99,659,112,671,94,684,108,697,123,707,135
crabs_data/train_data/IMG_9969.JPG,2.415,495.5,386,450,406,464,416,479,422,494,427,509,426,525,422,543,412,434,363,563,363,315,486,639,519,344,517,383,546,416,559,449,562,534,562,566,561,593,552,618,536,305,308,307,293,312,275,319,258,335,256,340,242,352,229,366,211,634,213,646,232,657,252,667,272,683,265,688,286,691,311,695,331
crabs_data/train_data/IMG_9970.JPG,2.19,504,414,441,443,454,453,467,461,481,465,500,464,513,459,530,451,424,408,544,410,370,526,654,523,393,544,412,553,434,559,458,563,555,565,580,564,610,557,633,543,315,361,314,344,316,329,316,313,338,312,342,299,352,285,363,266,602,263,620,277,635,296,643,312,656,307,664,328,670,352,675,370
crabs_data/train_data/IMG_9971.JPG,2.2,474,381.5,399,402,410,414,421,421,434,426,449,429,466,424,485,418,382,369,503,374,332,493,610,509,353,510,374,525,395,531,415,536,513,544,544,545,570,537,590,523,279,317,282,301,283,286,283,269,305,267,310,252,320,238,330,220,567,227,583,242,594,258,606,278,618,276,625,295,632,320,634,340
crabs_data/train_data/IMG_9972.JPG,1.96,461,350,418,352,429,358,439,364,450,367,463,366,476,362,491,358,400,313,508,313,330,457,585,461,347,474,370,498,394,505,415,509,494,512,518,507,542,502,563,481,304,281,305,268,308,251,312,237,327,239,332,225,340,216,350,202,566,204,577,218,587,232,592,249,604,242,608,262,612,280,615,299
crabs_data/train_data/IMG_9973.JPG,2.93,495,354.5,399,378,415,388,431,396,449,402,470,404,489,399,514,396,378,320,543,323,315,527,676,547,345,552,376,572,409,584,441,589,550,596,582,597,616,588,640,569,249,269,248,247,251,226,258,201,285,203,290,184,302,163,318,143,634,134,654,154,673,176,679,204,693,193,706,220,715,248,723,285
crabs_data/train_data/IMG_9974.JPG,2.18,537,323,472,346,484,353,496,360,512,365,528,364,541,359,556,352,459,309,573,308,419,447,672,441,440,462,460,475,482,481,509,481,575,484,600,483,626,477,645,463,359,271,359,254,361,238,365,226,384,223,387,210,394,197,403,183,626,169,640,182,652,199,662,220,668,203,680,227,689,254,693,277
crabs_data/train_data/IMG_9975.JPG,2.32,503,305,451,323,464,330,477,336,494,339,508,336,522,332,534,326,430,272,557,282,349,425,633,451,375,446,396,463,423,473,449,477,521,483,547,484,579,481,603,467,321,218,324,200,329,185,335,168,355,174,360,156,372,142,383,129,631,146,644,165,658,186,655,207,671,195,680,220,684,247,686,266
crabs_data/train_data/IMG_9977.JPG,2.005,482.5,363.5,431,355,446,361,459,364,474,366,486,362,496,356,508,348,420,325,513,313,360,464,592,439,383,481,401,503,425,504,449,504,514,496,537,492,560,484,576,458,330,314,330,301,331,283,333,269,346,270,352,258,359,248,367,237,542,225,554,236,565,248,573,260,581,250,586,269,591,284,594,297
crabs_data/train_data/IMG_9978.JPG,1.695,479.5,418.5,442,415,455,421,468,426,483,430,496,427,508,424,521,415,437,382,530,383,372,507,585,505,389,524,405,542,425,549,446,551,502,549,525,549,551,542,569,524,352,354,354,338,357,325,358,314,373,318,378,306,386,297,393,288,566,291,575,302,586,315,591,327,602,320,606,337,608,354,607,368
crabs_data/train_data/IMG_9979.JPG,2.035,469.5,361.5,425,354,439,361,453,366,465,369,481,367,495,362,512,356,412,315,523,318,334,476,595,473,356,495,380,521,409,525,439,527,501,525,526,522,553,518,574,493,308,295,309,278,311,261,314,244,334,243,341,229,350,217,358,201,573,205,582,221,595,237,601,255,617,245,617,266,621,285,624,306
crabs_data/train_data/IMG_9980.JPG,2.785,522.5,330,448,341,464,350,478,359,495,360,509,358,525,352,541,342,425,292,563,287,341,456,679,463,371,486,401,508,432,517,460,520,568,520,597,516,627,507,654,485,297,245,299,221,302,203,304,185,329,190,333,171,341,152,353,137,634,122,650,140,662,161,670,179,687,167,697,191,704,215,710,246
crabs_data/train_data/IMG_9981.JPG,2.25,473,354,416,383,430,392,442,399,456,404,472,403,486,397,503,386,398,345,522,344,330,465,605,468,356,490,372,502,393,510,414,512,505,514,538,511,563,503,583,485,295,301,296,283,298,267,300,252,316,253,321,238,331,226,344,211,574,205,590,222,603,239,608,256,621,246,626,266,630,288,636,309
crabs_data/train_data/IMG_9982.JPG,2.04,475,344,440,363,453,370,466,373,480,375,495,373,507,366,519,355,422,327,530,316,365,460,605,440,382,470,406,485,428,493,449,494,526,486,553,481,573,473,588,459,325,300,325,281,325,266,327,253,341,252,346,237,355,226,364,212,567,194,578,207,590,219,598,235,611,228,617,246,622,267,625,286
crabs_data/train_data/IMG_9983.JPG,1.56,450,323,404,335,414,344,425,350,438,353,451,351,463,344,474,334,393,309,483,306,348,412,549,408,364,428,381,438,403,444,426,446,469,445,492,443,519,434,535,422,316,278,315,266,317,255,318,243,331,244,336,232,344,223,351,209,519,205,529,213,537,223,544,234,555,233,560,247,563,264,566,280
crabs_data/train_data/IMG_9984.JPG,2.215,541.5,306,503,325,517,335,534,341,551,344,570,343,588,333,604,320,495,281,617,280,397,430,668,432,418,451,438,470,460,478,484,481,577,479,601,475,626,466,646,452,363,238,367,225,371,207,376,186,393,187,398,168,411,154,426,136,671,143,682,161,694,179,699,198,717,188,719,211,719,233,722,254
crabs_data/train_data/IMG_9986.JPG,2.27,462,338.5,394,366,409,375,423,383,440,387,457,386,473,380,492,369,381,324,502,324,328,466,606,470,351,485,375,499,398,508,423,511,510,514,537,512,562,505,582,490,278,278,276,261,277,245,278,232,299,235,303,216,314,200,325,182,570,180,581,196,596,213,603,239,616,231,625,255,630,276,635,294
crabs_data/train_data/IMG_9989.JPG,2.415,430.5,256,395,279,409,287,423,290,439,288,452,281,467,273,481,260,364,229,487,215,300,405,595,373,328,425,351,444,386,452,417,450,505,439,530,432,557,417,576,394,243,208,243,189,245,170,247,151,263,150,268,131,279,117,286,99,529,70,545,88,564,107,565,132,580,118,591,138,598,156,602,178
crabs_data/train_data/IMG_9992.JPG,2.44,530,392,483,410,496,414,508,414,522,414,536,410,548,405,561,396,452,363,571,348,378,522,684,500,408,545,444,571,477,575,510,573,589,563,617,558,640,548,660,526,336,332,336,314,339,297,340,284,359,283,363,265,372,253,379,240,614,209,631,225,644,241,651,256,663,242,673,262,681,280,686,303
crabs_data/train_data/IMG_9993.JPG,1.86,552,345,522,369,533,373,544,375,558,373,569,369,579,363,588,354,500,329,597,321,446,451,670,434,465,465,481,476,501,481,521,482,609,474,627,469,639,465,653,454,411,304,410,289,411,275,412,262,427,264,430,250,438,239,445,225,637,209,646,222,656,232,663,250,675,242,681,256,684,271,687,292
crabs_data/train_data/IMG_9994.JPG,1.8,437,344.5,417,369,428,373,437,376,448,376,460,374,469,370,479,363,395,328,494,323,335,455,561,436,356,471,369,479,386,485,402,486,499,478,513,477,527,469,542,455,300,301,302,283,304,268,305,254,320,255,324,241,332,231,342,219,536,212,547,229,556,243,560,257,572,248,576,267,579,285,582,299
crabs_data/train_data/IMG_9995.JPG,1.675,569.5,360,527,381,538,389,551,394,564,393,579,391,593,384,603,375,515,348,609,351,454,447,674,459,473,464,488,475,504,483,519,486,610,491,625,489,640,483,660,468,439,319,441,306,442,294,443,281,455,282,459,270,468,260,475,246,661,251,670,263,680,278,685,291,693,286,698,299,700,315,702,330
crabs_data/train_data/IMG_9996.JPG,2.355,529.5,379,459,397,469,408,482,415,499,420,514,421,532,417,550,409,445,358,572,358,372,492,666,502,393,515,415,531,439,540,462,545,583,549,602,545,622,536,644,520,344,314,346,300,346,285,348,271,363,270,369,256,377,241,389,225,637,222,650,236,663,252,673,274,684,268,690,286,695,307,698,331
crabs_data/train_data/IMG_9998.JPG,3.325,474.5,368,386,398,404,419,426,430,448,437,473,439,503,435,530,419,375,331,555,369,233,530,651,596,262,558,295,591,320,601,344,609,517,638,543,642,572,638,613,619,219,239,227,214,237,184,244,159,274,165,288,143,309,128,332,105,679,172,695,197,713,228,712,269,740,258,741,291,743,329,744,360
crabs_data/train_data/IMG_9999.JPG,2.46,516,263.5,453,290,470,300,486,307,506,310,528,310,546,300,567,294,438,246,577,241,355,406,669,404,379,428,411,450,437,451,456,453,580,450,600,447,620,439,644,425,306,198,308,180,312,157,314,138,335,141,342,119,359,102,372,83,637,80,654,97,670,116,677,141,695,131,701,157,707,179,713,209
crabs_data/train_data/_DSC1455.JPG,2.67,540,253.5,481,223,500,230,520,237,541,238,561,235,579,224,597,212,462,171,607,158,412,431,710,397,429,450,448,464,476,469,503,468,626,457,655,451,675,439,692,419,320,174,319,152,321,130,324,96,342,111,345,93,362,71,377,46,645,21,661,38,686,59,695,78,711,56,720,77,728,99,733,128
crabs_data/train_data/_DSC1457.JPG,2.69,538,273.5,470,227,488,238,509,244,534,247,555,247,570,242,585,230,464,173,606,183,373,415,663,440,389,436,404,457,430,465,453,469,575,479,602,478,628,473,648,459,337,152,340,133,346,112,353,86,374,101,380,85,399,68,416,48,679,63,694,83,711,102,717,123,734,107,739,133,743,157,745,179
crabs_data/train_data/_DSC1465.JPG,2.43,420,358.5,355,394,369,400,385,407,407,410,425,403,442,392,453,381,336,354,459,337,302,513,579,472,325,528,344,535,366,536,387,538,504,524,525,518,546,508,561,491,217,325,216,306,216,286,217,269,238,268,237,252,249,236,262,216,498,184,513,199,531,211,539,231,551,222,559,238,570,256,577,277
crabs_data/train_data/_DSC1476.JPG,2.545,498.5,349,437,392,454,397,473,402,492,401,508,390,518,378,532,362,407,353,524,317,422,524,693,429,448,534,470,541,494,542,517,538,627,507,656,491,670,475,681,452,294,347,289,326,283,305,276,285,301,285,299,266,307,247,308,227,540,149,561,163,581,171,591,187,602,177,613,193,627,212,637,230
crabs_data/train_data/_DSC1480.JPG,2.355,462.5,302.5,410,306,420,322,427,336,441,350,460,356,475,355,494,354,426,268,527,328,272,343,508,474,278,361,281,378,291,391,302,400,428,472,447,479,467,478,487,479,343,168,354,155,367,142,383,127,394,138,409,127,430,123,448,117,651,236,651,257,652,275,649,290,669,297,660,309,652,326,645,341
crabs_data/train_data/_DSC1488.JPG,2.345,604.5,282,576,285,591,289,607,295,628,299,646,295,660,290,671,283,564,235,683,232,474,430,741,426,493,449,507,468,529,474,552,478,678,472,698,470,713,459,728,443,430,207,433,185,436,165,442,143,457,149,461,132,476,118,493,96,723,99,734,116,746,130,753,150,777,141,779,168,781,188,785,207
crabs_data/train_data/_DSC1490.JPG,2.36,546,294,497,280,512,289,529,293,549,295,567,294,582,289,593,283,487,233,607,236,406,432,670,440,422,452,435,471,461,476,484,481,598,482,624,479,644,471,657,456,361,213,364,191,367,171,371,149,392,159,396,141,413,125,427,106,660,115,672,133,688,149,695,170,714,158,719,185,721,206,724,224
crabs_data/train_data/_DSC1498.JPG,2.38,576,271.5,529,286,548,289,568,286,586,283,604,275,616,264,627,256,503,246,625,207,488,454,745,379,513,471,532,483,558,483,576,480,679,449,705,438,719,425,732,399,369,255,367,236,366,215,368,188,385,194,383,175,394,155,402,135,634,64,650,78,670,87,682,106,694,88,708,110,719,129,727,148
crabs_data/train_data/_DSC1506.JPG,2.69,414,283,354,248,367,257,382,266,402,273,422,274,440,271,459,266,346,198,484,218,233,417,509,475,246,440,261,466,283,477,305,483,417,504,448,508,475,503,493,489,221,161,230,140,238,121,248,94,266,111,274,91,295,79,314,61,584,105,594,123,609,144,610,168,628,152,630,182,629,206,628,231
crabs_data/train_data/_DSC1512.JPG,2.755,427.5,253,356,230,371,237,387,243,412,249,434,247,449,240,465,232,345,176,485,179,260,413,549,432,281,438,298,458,326,468,349,471,453,477,483,477,515,471,532,454,212,155,216,131,222,110,228,81,250,94,256,72,274,56,291,34,572,43,587,63,606,85,607,105,625,88,629,118,633,142,636,171
crabs_data/train_data/_DSC1521.JPG,2.655,439.5,329,389,320,396,336,406,356,421,367,438,377,457,382,476,381,408,270,522,350,217,365,471,539,224,389,226,416,244,435,255,448,362,519,384,533,416,542,444,540,314,158,327,145,345,132,368,117,373,127,391,118,415,111,444,106,659,260,660,284,662,312,653,332,666,349,659,369,649,384,642,398
crabs_data/train_data/_DSC1522.JPG,2.505,420.5,352,381,328,386,345,393,365,407,381,421,389,435,397,454,399,409,281,503,375,196,348,398,561,200,377,197,411,206,431,218,444,313,537,330,548,351,559,375,560,329,160,346,150,367,139,388,128,396,140,415,132,439,130,464,127,644,312,641,335,640,359,626,376,639,392,632,412,619,427,607,443
crabs_data/train_data/_DSC1524.JPG,2.245,453.5,332,436,317,452,324,467,328,488,330,504,322,516,316,529,308,417,274,530,261,361,484,598,454,381,501,398,520,417,524,436,522,532,509,551,501,571,494,586,474,288,264,289,246,293,227,296,204,310,211,307,194,316,179,327,159,540,140,553,155,569,169,574,183,597,191,604,209,611,226,619,239
crabs_data/train_data/_DSC1533.JPG,2.39,500,312.5,484,328,497,339,511,344,528,352,547,348,559,345,572,341,482,281,597,295,346,434,589,473,359,453,371,472,384,481,401,486,502,502,527,502,548,495,570,484,357,225,365,206,375,188,386,169,397,169,405,154,419,141,437,126,659,157,669,177,677,196,678,218,698,217,693,238,691,258,689,275
crabs_data/train_data/_DSC1542.JPG,2.52,384,297,333,308,347,315,363,323,385,329,403,323,420,317,435,307,320,257,453,256,241,455,530,450,262,473,276,485,294,492,315,497,447,497,469,492,495,480,512,465,190,220,192,201,197,181,202,160,220,164,228,145,241,131,253,113,511,112,526,130,540,144,547,164,564,160,571,183,575,201,578,220
crabs_data/train_data/_DSC1554.JPG,2.645,617.5,308.5,574,321,595,333,617,340,643,340,662,330,675,324,688,314,563,272,697,260,482,484,782,457,501,501,517,517,542,523,564,525,703,509,730,503,751,489,767,470,417,250,419,228,422,207,425,181,443,187,444,166,461,143,479,122,737,100,751,116,770,132,777,152,799,146,805,169,811,193,815,217
crabs_data/train_data/_DSC1555.JPG,2.665,578.5,290,532,304,547,312,565,319,588,322,610,321,626,310,643,300,521,252,656,243,434,465,741,441,458,482,474,500,500,507,525,509,668,493,691,486,712,475,725,457,375,231,376,207,380,186,383,161,401,161,403,143,420,125,436,105,699,82,713,99,732,112,742,140,761,129,767,150,773,173,775,194
crabs_data/train_data/_DSC1556.JPG,2.66,602,278,554,289,572,301,592,305,615,309,636,302,652,293,664,284,539,237,677,228,459,454,762,428,476,469,492,484,515,493,542,494,684,482,709,474,729,462,746,443,395,215,396,192,399,169,404,147,421,150,422,127,439,109,456,88,720,67,735,85,751,95,759,119,782,114,789,139,794,164,798,184
crabs_data/train_data/_DSC1564.JPG,2.905,524.5,300.5,481,308,505,318,530,322,552,322,573,314,589,304,606,289,460,255,612,230,411,506,700,460,431,524,451,540,475,545,502,543,622,523,646,512,672,497,685,478,296,250,296,224,300,195,302,165,320,176,322,153,336,132,356,103,631,63,650,79,672,97,686,123,707,103,717,136,727,161,732,184
crabs_data/train_data/_DSC1565.JPG,2.935,520.5,303.5,480,303,504,314,526,318,553,321,576,312,591,301,607,290,462,249,615,233,395,495,688,466,419,514,437,530,462,538,489,535,615,522,637,513,658,503,674,486,300,230,303,206,306,182,311,150,329,162,333,138,349,116,369,90,646,66,666,86,689,106,698,131,721,112,728,142,736,169,740,194
crabs_data/train_data/_DSC1568.JPG,2.71,559,284.5,526,279,547,287,572,291,599,290,616,281,631,270,647,258,507,229,648,205,454,468,734,426,478,488,501,502,530,506,552,504,664,483,686,474,707,462,721,445,347,224,347,202,350,174,353,146,368,147,372,128,384,108,401,86,661,43,681,59,706,79,718,104,737,84,746,115,755,137,760,160
crabs_data/train_data/_DSC1582.JPG,2.48,479,269.5,434,267,454,269,474,270,492,265,507,258,519,248,530,235,407,229,525,189,405,447,643,369,423,460,440,473,457,474,477,472,589,435,607,426,623,411,633,390,269,243,266,225,262,202,264,179,282,185,278,168,285,148,296,123,529,51,546,64,566,74,579,96,594,76,609,101,618,121,627,138
crabs_data/train_data/_DSC1585.JPG,2.535,441.5,355.5,420,386,441,386,461,384,476,381,491,369,500,355,509,340,385,354,501,293,407,573,635,454,422,580,439,589,456,592,474,586,596,521,609,511,622,494,628,473,248,385,241,366,235,344,233,320,249,322,242,302,249,281,256,255,479,147,498,160,521,166,536,187,548,162,562,182,574,200,587,223
crabs_data/train_data/_DSC1594.JPG,2.73,481,325.5,424,312,437,319,454,326,478,329,497,324,514,315,531,311,409,263,545,258,343,484,625,482,363,504,386,523,408,532,434,533,539,532,565,529,591,519,607,504,278,240,279,219,283,199,289,173,309,180,314,158,329,143,343,121,610,114,629,134,644,150,647,170,663,159,672,184,679,206,680,231
crabs_data/train_data/_DSC1599.JPG,2.885,445.5,308.5,370,292,385,298,402,304,425,309,448,306,467,302,487,297,359,236,506,245,260,451,579,479,288,478,314,503,341,518,371,523,487,530,513,527,541,516,562,497,226,206,227,186,234,159,244,133,265,139,271,118,290,103,307,81,590,95,608,117,622,140,622,161,640,150,647,173,652,196,653,225
crabs_data/train_data/_DSC1600.JPG,2.825,428.5,286,358,272,376,283,394,290,415,291,435,291,455,285,471,279,344,222,492,226,262,450,563,463,281,468,301,489,321,495,344,499,481,510,506,507,525,496,546,480,216,187,216,167,223,145,233,115,255,125,260,102,279,85,295,64,578,78,590,96,607,119,609,144,626,133,633,157,637,181,638,208
crabs_data/train_data/_DSC1608.JPG,2.19,511,260.5,479,257,493,264,510,269,529,267,546,261,556,254,566,248,464,217,572,205,411,396,635,381,428,409,444,424,461,428,479,429,579,418,597,414,611,406,624,397,346,206,345,188,347,167,352,149,364,157,364,141,378,127,393,107,590,87,604,102,620,112,631,130,647,118,654,144,659,159,662,174
crabs_data/train_data/_DSC1609.JPG,2.11,513,301,482,300,494,307,512,312,530,312,548,305,560,297,568,289,466,260,574,245,421,444,643,416,434,456,446,466,460,470,479,471,589,460,606,453,622,445,632,430,348,247,348,231,349,212,354,192,365,199,368,184,380,170,395,149,594,126,607,140,622,151,635,171,650,158,657,183,661,200,667,218
crabs_data/train_data/_DSC1625.JPG,3.01,432,311.5,347,303,364,314,380,324,405,329,428,335,453,336,480,328,343,243,505,265,240,479,563,521,261,503,279,520,298,528,319,532,459,556,484,556,514,551,537,532,203,189,211,162,221,137,231,109,256,121,264,100,288,83,311,62,606,106,619,128,636,150,642,177,664,169,668,205,672,234,672,259
crabs_data/train_data/_DSC1627.JPG,3.01,437,317,332,317,350,330,372,343,399,352,422,347,446,346,469,340,327,256,489,276,238,487,570,526,258,510,277,534,303,541,327,548,451,569,483,571,513,567,538,545,194,198,200,174,208,148,219,121,242,132,254,110,275,91,297,68,595,109,612,134,627,155,632,189,651,171,656,198,661,228,666,254
crabs_data/train_data/_DSC1629.JPG,2.575,419,293.5,324,278,337,290,353,299,375,308,397,307,416,306,439,301,321,223,462,245,239,436,519,486,255,457,272,474,291,488,312,494,422,519,449,520,478,516,501,499,216,175,221,153,230,130,239,106,264,117,270,102,290,86,312,64,569,103,584,126,597,146,600,167,614,158,618,187,621,211,623,236
crabs_data/train_data/_DSC1636.JPG,2.145,483.5,265,453,269,466,272,480,274,500,275,515,267,525,257,535,249,435,233,539,208,404,414,626,357,417,426,432,436,452,440,468,437,575,410,593,402,607,389,617,371,321,227,318,211,319,189,320,170,333,176,333,161,341,148,352,129,554,85,567,98,580,109,590,123,606,113,615,132,621,149,623,163
crabs_data/train_data/_DSC1637.JPG,2.04,517,282,493,283,508,289,527,293,545,295,557,287,568,277,576,269,479,247,580,228,434,427,661,379,444,441,454,453,470,457,489,457,601,437,624,426,638,415,653,392,361,237,359,219,361,202,363,182,375,186,376,171,386,158,396,138,597,105,611,119,625,129,633,143,649,131,655,153,660,171,664,185
crabs_data/train_data/_DSC1645.JPG,2.56,377,306.5,324,333,338,346,353,358,370,367,389,369,407,366,424,358,321,289,456,323,189,407,496,481,206,429,219,450,235,459,251,466,393,503,420,506,448,503,473,492,201,201,208,183,218,165,230,149,244,152,249,138,269,123,294,110,566,183,576,203,586,222,586,244,601,249,601,275,600,293,595,309
crabs_data/train_data/_DSC1656.JPG,2.485,489.5,323,424,361,436,368,454,376,477,380,494,373,507,366,518,358,402,319,534,315,346,470,636,460,371,482,391,494,411,498,430,500,563,499,585,496,603,488,617,474,283,279,285,260,287,241,290,218,311,222,312,204,326,186,340,167,586,157,603,173,619,189,626,210,640,205,652,229,658,249,664,267
crabs_data/train_data/_DSC1661.JPG,2.5,527,267,473,264,491,270,509,270,528,268,547,261,561,253,572,240,450,228,574,198,404,442,676,392,431,457,456,474,476,476,499,475,607,450,636,442,654,431,664,410,312,216,312,197,312,181,313,161,329,165,329,147,340,127,350,107,590,60,604,74,619,86,630,106,650,87,658,117,669,137,677,149
crabs_data/train_data/_DSC1671.JPG,2.495,410.5,333,362,297,377,306,391,311,411,317,425,316,440,315,458,307,356,255,480,270,254,451,532,483,267,471,281,491,297,502,316,509,445,524,469,526,493,519,513,501,235,219,240,199,247,179,254,158,271,179,279,164,293,157,312,137,548,165,559,185,572,199,576,215,595,203,599,222,602,245,602,270
crabs_data/train_data/_DSC1672.JPG,2.57,454,317,398,275,409,288,422,297,438,305,455,307,473,308,491,301,396,233,519,270,257,393,528,490,271,418,279,442,298,462,314,471,437,512,459,515,484,515,510,502,289,173,299,155,305,141,316,122,334,131,349,120,365,115,382,97,613,170,618,196,627,213,628,229,649,225,650,249,649,267,646,287
crabs_data/train_data/_DSC1680.JPG,2.4,453,270,399,295,417,294,437,295,456,284,468,274,479,261,491,249,371,255,479,202,393,455,621,362,416,465,441,475,465,471,484,462,575,421,595,411,611,398,616,380,256,287,252,266,249,250,244,227,261,230,257,211,263,193,266,170,485,68,503,79,521,88,530,101,550,93,560,105,571,118,582,132
crabs_data/train_data/_DSC1681.JPG,2.38,482,328,435,339,450,345,466,348,485,348,501,344,515,337,529,324,415,293,537,276,379,497,621,462,398,510,416,524,438,524,457,523,568,505,587,500,601,492,611,478,290,294,291,274,293,253,295,232,311,233,312,216,323,200,333,179,571,145,583,158,599,171,606,186,624,180,634,207,642,223,647,238
crabs_data/train_data/_DSC1692.JPG,2.375,488.5,305.5,441,307,455,313,471,319,488,321,505,315,519,308,529,300,424,260,541,253,367,463,603,455,382,479,400,494,419,498,438,497,548,491,567,486,582,482,590,469,299,244,301,224,304,205,310,182,324,188,327,169,338,157,350,137,589,124,603,146,616,157,621,177,635,164,644,189,650,212,655,232
crabs_data/train_data/_DSC1693.JPG,2.27,505,318.5,460,318,475,324,489,329,508,331,525,327,540,321,552,312,445,274,564,268,388,478,631,457,406,492,419,504,440,508,459,508,565,502,587,500,604,493,615,475,321,257,322,235,326,218,331,193,345,201,347,184,359,168,370,149,609,136,624,157,637,174,641,190,655,177,663,199,669,218,673,237
crabs_data/train_data/_DSC1694.JPG,2.305,502.5,281.5,465,271,477,280,488,288,503,297,520,298,537,296,553,291,462,222,579,251,351,399,590,456,362,419,375,438,393,447,407,451,517,480,537,484,556,480,574,468,351,169,360,148,370,133,379,114,392,125,399,110,415,98,431,82,667,141,675,164,683,182,681,200,698,193,699,220,700,238,698,259
crabs_data/train_data/_DSC1700.JPG,2.68,561,294.5,504,347,522,353,541,358,563,356,582,352,598,339,611,323,473,306,622,273,436,484,750,411,457,494,480,504,506,508,527,508,679,477,700,469,720,452,737,430,337,284,335,262,332,242,331,222,350,218,352,197,363,178,376,157,644,94,665,107,687,121,699,140,713,135,725,155,735,175,742,192
crabs_data/train_data/_DSC1701.JPG,2.825,520.5,308,453,330,467,344,488,352,512,356,537,356,557,349,574,340,435,278,598,290,339,460,684,486,359,477,378,497,397,506,418,514,586,530,610,530,633,518,662,500,303,210,307,188,312,168,319,142,337,151,344,131,362,116,383,92,683,118,702,145,718,165,724,187,739,180,745,204,747,232,749,255
crabs_data/train_data/_DSC1702.JPG,2.85,514,316,452,357,470,370,489,377,514,380,534,376,552,367,570,350,427,307,590,299,345,499,683,486,364,510,385,526,405,535,429,539,612,528,632,522,651,510,666,498,278,259,281,239,283,218,289,192,306,194,312,175,326,157,346,131,648,114,667,137,687,152,698,173,714,166,724,198,729,222,733,242
crabs_data/train_data/_DSC1708.JPG,2.41,486,296.5,436,317,449,326,463,331,482,334,500,329,513,322,527,308,419,275,537,262,362,457,626,435,379,468,398,484,415,489,436,488,560,476,578,471,596,466,612,450,295,256,295,237,298,217,301,194,320,199,321,179,331,165,346,144,580,117,597,134,610,147,620,165,636,159,645,181,652,198,654,216
crabs_data/train_data/_DSC1709.JPG,2.4,570,283,523,297,539,303,556,308,575,306,591,300,606,288,617,278,502,256,622,230,436,443,723,396,465,456,497,477,521,481,544,477,657,448,682,439,698,429,711,410,372,250,371,231,371,210,375,190,389,188,394,170,403,153,411,134,643,82,658,98,676,108,685,130,702,117,712,142,722,162,726,178
crabs_data/train_data/_DSC1710.JPG,2.48,503,291.5,446,307,458,319,473,326,492,330,509,328,525,324,536,315,434,262,557,272,352,433,626,450,369,448,385,463,401,470,419,474,551,486,572,485,590,478,609,464,317,220,320,200,325,181,332,160,350,166,357,147,371,134,386,117,627,132,639,151,652,167,657,192,673,182,678,209,683,230,685,251
crabs_data/train_data/_DSC1717.JPG,2.865,353.5,275,287,307,304,317,321,325,343,330,364,327,382,319,397,309,273,257,413,258,188,436,521,436,208,451,239,474,263,483,288,486,430,484,456,479,478,472,498,452,128,204,132,184,137,164,143,142,166,148,172,116,186,105,203,85,478,85,497,106,515,119,523,146,541,140,550,162,556,183,561,203
crabs_data/train_data/_DSC1720.JPG,2.61,316,339,246,305,251,326,260,342,273,355,287,360,305,365,326,366,259,255,371,327,99,399,332,573,107,430,115,462,128,477,140,491,257,575,276,581,294,585,313,581,184,163,194,145,211,130,233,105,248,130,260,112,283,103,313,94,524,229,529,255,535,284,527,301,541,300,539,324,532,350,521,377
crabs_data/train_data/_DSC0730.JPG,1.88,451,300,439,296,452,299,466,302,481,305,492,302,502,297,513,290,423,258,523,254,349,417,580,406,373,430,397,456,419,461,439,462,495,457,517,455,538,448,567,421,318,245,320,229,321,214,323,200,331,196,340,183,347,172,357,163,538,151,547,166,559,175,566,191,585,190,589,207,592,221,596,239
crabs_data/train_data/_DSC0731.JPG,1.775,473.5,279.5,463,271,475,277,489,280,504,280,515,275,524,268,533,263,444,240,542,224,383,396,603,371,405,407,431,432,456,434,483,432,539,421,558,415,575,406,591,385,341,234,341,216,341,201,341,186,351,185,356,169,364,159,373,147,549,124,562,136,573,145,581,158,599,151,601,168,606,184,611,202
crabs_data/train_data/_DSC0732.JPG,1.83,488,284.5,465,280,479,285,492,289,504,290,516,288,529,280,538,270,446,250,545,234,388,409,608,380,409,420,439,444,459,444,481,444,540,432,560,427,575,417,596,395,344,246,344,226,344,211,345,197,353,196,360,180,368,167,376,158,552,132,562,143,575,151,584,168,601,160,604,174,609,192,612,209
crabs_data/train_data/_DSC0741.JPG,2.715,456.5,318.5,388,310,402,317,418,323,434,327,454,325,470,319,488,311,376,261,512,261,307,480,592,495,327,500,362,532,397,544,430,546,501,546,530,546,559,531,575,513,266,244,269,216,278,194,282,170,302,177,315,156,331,142,343,123,596,125,611,138,626,155,634,178,645,166,652,190,659,218,660,243
crabs_data/train_data/_DSC0742.JPG,2.415,480.5,307,394,285,410,295,429,300,447,304,462,301,478,295,494,288,384,238,520,238,323,461,598,471,345,484,371,509,400,517,430,520,521,522,543,519,566,506,584,487,279,221,285,199,291,177,298,152,317,153,333,133,346,120,359,104,606,104,621,118,635,133,642,156,653,150,660,171,666,191,669,217
crabs_data/train_data/_DSC0744.JPG,2.22,418,316,351,295,367,308,378,318,393,324,407,325,423,322,441,319,351,251,467,283,249,416,514,483,264,440,285,470,312,484,342,497,409,515,441,518,462,511,489,491,260,207,268,185,277,168,286,148,304,156,317,140,333,130,348,121,564,173,573,188,584,205,586,229,597,225,598,243,597,263,599,280
crabs_data/train_data/_DSC0745.JPG,2.25,417,314.5,348,290,361,303,374,311,389,317,404,320,420,318,438,314,346,248,463,277,243,410,510,480,262,436,281,464,305,481,333,492,408,510,436,513,458,508,479,492,256,202,262,182,271,163,281,144,298,154,311,137,327,128,342,116,559,168,570,183,581,202,582,222,592,221,594,241,596,262,593,282
crabs_data/train_data/_DSC0746.JPG,2.19,434,341,362,323,377,334,388,341,404,346,420,347,436,345,455,340,358,280,477,300,267,451,536,500,287,477,307,504,331,516,354,523,433,538,458,540,485,532,510,511,263,237,269,217,276,199,285,180,301,184,316,170,331,159,345,146,566,185,576,198,586,213,592,235,603,234,606,253,608,276,607,296
crabs_data/train_data/_DSC0747.JPG,2.235,419.5,314,352,295,368,307,382,316,397,320,412,319,429,318,445,313,348,252,467,272,254,421,526,473,273,447,294,478,323,490,349,498,419,513,452,516,476,505,501,486,252,211,259,190,266,173,275,154,292,159,302,142,320,133,336,121,556,159,567,173,579,193,581,213,593,208,596,227,598,248,599,268
crabs_data/train_data/_DSC0748.JPG,1.935,378.5,324.5,318,307,332,313,344,319,356,322,370,320,386,316,400,309,311,271,418,273,249,435,490,441,271,455,291,480,317,485,344,486,409,489,431,486,452,476,471,456,218,255,220,239,225,220,231,199,247,204,258,183,269,174,278,163,477,167,489,177,502,191,506,211,515,200,520,217,526,235,528,257
crabs_data/train_data/_DSC0749.JPG,2.08,371,331.5,314,311,327,320,340,325,355,328,369,327,383,323,396,315,305,278,412,281,246,445,485,449,265,464,286,486,308,495,334,494,399,496,425,494,446,485,461,465,213,261,216,241,220,225,226,206,242,206,252,191,264,182,273,171,472,173,483,184,495,196,500,216,511,208,516,225,522,245,523,265
crabs_data/train_data/_DSC0757.JPG,2.165,411.5,304.5,415,299,429,302,443,302,458,300,472,294,482,289,490,279,391,259,487,239,341,441,584,386,365,451,387,473,412,479,438,475,517,458,542,448,558,431,572,406,275,264,273,246,272,228,272,209,286,216,289,197,298,185,304,173,481,141,491,151,505,160,521,171,539,162,544,180,553,199,562,216
crabs_data/train_data/_DSC0758.JPG,1.985,420.5,305.5,415,293,430,297,444,295,461,294,472,287,482,284,492,276,391,253,487,234,338,435,582,381,364,446,386,470,419,473,447,471,512,455,535,447,554,431,569,405,274,258,272,237,272,222,272,203,284,211,288,191,299,178,305,165,482,133,494,144,510,154,527,170,540,157,544,175,553,192,561,208
crabs_data/train_data/_DSC0759.JPG,2.06,448,286.5,433,272,448,274,459,275,471,271,484,265,496,259,511,252,403,233,503,208,371,422,611,355,397,436,415,455,441,460,470,455,544,437,566,424,586,409,601,379,286,247,281,228,280,208,279,192,291,197,295,179,305,165,309,150,487,112,500,123,516,131,534,146,547,132,556,149,564,166,574,183
crabs_data/train_data/_DSC0760.JPG,2.035,447.5,281.5,436,265,452,267,467,267,482,264,495,259,505,253,515,248,409,227,508,203,369,418,617,351,396,429,418,452,447,456,473,452,544,433,566,424,587,408,604,376,291,238,287,222,285,203,286,184,299,190,302,174,308,160,314,144,497,108,509,119,527,128,544,140,555,126,564,143,573,162,581,177
crabs_data/train_data/_DSC0764.JPG,1.775,436.5,354,410,320,422,324,436,327,450,328,461,326,472,322,480,315,393,293,484,287,347,449,556,429,361,464,376,482,398,487,420,487,483,483,504,478,526,470,543,450,301,293,300,278,303,264,304,249,316,258,323,247,335,237,344,225,504,218,514,230,526,237,536,248,548,238,552,252,557,263,561,279
crabs_data/train_data/_DSC0768.JPG,1.89,435,313.5,399,282,411,286,424,287,436,288,450,287,464,282,482,277,386,246,486,241,319,410,568,399,344,427,364,450,395,456,419,456,480,451,507,447,533,442,551,417,281,249,281,231,285,215,287,199,302,205,311,193,320,184,326,173,509,167,520,179,532,187,543,198,559,188,563,204,568,220,572,234
crabs_data/train_data/_DSC0769.JPG,1.985,431.5,312,398,281,412,286,427,287,440,288,454,285,468,282,482,274,386,247,485,241,320,410,569,399,343,426,362,452,389,456,427,455,490,452,512,447,535,438,552,417,272,284,271,272,270,256,269,240,280,246,282,228,284,213,286,199,558,189,563,206,569,220,574,235,587,228,587,241,587,253,588,266
crabs_data/train_data/_DSC0770.JPG,1.89,432,307.5,397,275,414,279,429,281,442,283,454,279,469,276,481,269,386,241,485,235,320,406,569,393,343,420,364,445,390,450,415,450,484,444,509,441,530,437,553,410,281,241,282,226,284,212,286,196,301,203,306,191,317,182,327,170,508,162,520,175,532,184,544,192,559,181,562,197,568,215,574,230
crabs_data/train_data/_DSC0785.JPG,2.045,413.5,331,379,306,394,310,410,313,425,315,438,313,455,309,473,303,363,268,473,263,307,454,550,446,327,472,344,492,366,497,385,500,487,493,509,488,527,481,537,469,242,266,241,246,244,229,246,211,260,217,263,202,272,192,280,183,494,167,504,181,518,194,528,207,546,197,551,219,558,235,563,254
crabs_data/train_data/_DSC0786.JPG,2.03,410,343,375,319,391,323,408,326,423,327,440,325,455,319,469,313,359,280,469,274,299,467,547,458,324,484,345,505,368,512,393,514,478,509,502,503,520,495,534,481,240,277,239,257,241,238,242,223,257,234,258,217,265,203,276,194,488,177,499,190,515,200,524,215,541,204,546,227,552,242,558,259
crabs_data/train_data/_DSC0787.JPG,2.15,431,321.5,398,302,413,309,429,310,446,311,462,308,478,303,494,297,381,262,495,257,328,454,569,447,355,485,384,496,409,499,434,501,500,494,522,490,543,484,554,470,260,259,260,240,262,220,264,206,280,217,282,198,291,187,299,173,518,161,529,174,540,185,552,200,567,193,574,211,580,227,584,244
crabs_data/train_data/_DSC0788.JPG,2.115,420.5,319,381,289,397,295,414,299,430,303,445,301,462,299,480,295,371,249,485,254,289,428,552,441,312,452,335,475,361,484,388,487,468,489,499,488,518,477,536,458,253,236,254,214,260,195,263,179,278,190,284,173,294,163,304,153,526,164,535,179,547,194,556,205,572,199,577,219,582,238,582,256
crabs_data/train_data/_DSC0789.JPG,2.145,386.5,348.5,339,306,352,314,368,320,385,323,401,325,417,326,435,322,336,270,451,286,242,447,482,481,253,469,270,488,291,495,313,502,406,512,432,512,453,508,467,495,239,249,243,232,249,217,259,199,275,212,285,198,299,189,310,178,528,209,534,224,545,236,548,252,564,246,566,265,567,286,564,302
crabs_data/train_data/_DSC0797.JPG,2.155,397.5,335.5,366,314,387,315,404,316,421,314,433,308,444,304,458,299,344,277,454,255,315,473,555,432,341,493,360,508,385,506,413,503,489,486,508,482,530,472,544,454,220,286,219,267,220,248,222,230,234,240,238,220,246,208,253,196,462,156,476,170,491,179,503,193,517,176,526,192,535,211,544,233
crabs_data/train_data/_DSC0798.JPG,2.05,402,330,374,304,387,307,401,310,419,310,435,309,451,304,466,296,354,265,467,255,291,456,560,432,325,477,345,499,373,501,398,502,478,493,502,486,527,477,544,455,229,265,228,243,230,223,233,205,244,216,248,199,258,189,266,174,478,156,488,170,504,183,516,196,533,184,539,200,548,218,554,238
crabs_data/train_data/_DSC0799.JPG,2.28,393,337,365,306,381,310,396,312,413,312,429,311,444,305,459,298,345,268,457,257,292,460,555,431,319,480,337,499,365,505,393,504,471,494,495,487,520,476,539,451,220,268,220,248,222,227,226,208,237,219,241,203,250,191,257,177,470,161,482,175,497,186,511,199,525,186,533,204,541,225,546,244
crabs_data/train_data/_DSC0807.JPG,2,526.5,309,542,315,555,318,568,320,584,321,594,316,603,311,613,303,526,271,621,253,429,441,663,405,450,453,471,474,494,482,523,478,598,463,615,454,635,441,651,424,410,236,414,223,417,213,421,202,425,188,431,176,438,166,445,156,624,130,633,143,645,155,657,167,670,160,673,175,677,195,684,214
crabs_data/train_data/_DSC0816.JPG,2,404,306,342,262,356,270,371,274,388,274,402,273,415,269,426,262,338,231,443,230,266,409,503,404,280,426,295,442,316,452,338,456,433,455,458,450,473,436,485,419,253,236,260,217,267,201,269,183,289,194,299,182,309,174,319,161,527,157,534,168,543,176,549,189,559,181,561,197,564,214,563,227
crabs_data/train_data/_DSC0817.JPG,1.835,433.5,339.5,359,312,371,321,381,324,392,329,406,328,418,327,432,323,361,278,450,285,296,434,501,453,305,448,318,465,337,476,358,484,419,492,444,491,465,485,481,465,302,260,306,244,310,230,314,212,330,221,343,209,354,199,362,188,537,204,545,214,550,226,553,236,559,236,561,250,562,265,563,278
crabs_data/train_data/_DSC0818.JPG,2.05,426,336.5,354,303,363,309,373,315,383,320,397,321,412,319,427,312,355,271,445,278,289,424,493,446,300,441,311,455,329,467,347,472,420,483,442,482,460,477,476,456,294,252,302,233,307,217,309,204,324,215,338,202,349,192,356,180,532,194,538,205,545,219,548,231,555,229,556,243,556,255,557,269
crabs_data/train_data/_DSC0828.JPG,2.295,474.5,281,472,260,491,267,507,268,524,268,537,261,549,254,562,245,443,214,554,197,390,438,654,396,420,451,444,478,472,486,500,484,590,466,614,454,631,441,643,422,298,210,300,192,299,176,301,162,306,154,311,137,320,124,327,110,599,110,608,125,617,145,626,166,650,164,650,184,653,202,654,218
crabs_data/train_data/_DSC0830.JPG,2.225,451.5,290,456,266,471,271,487,274,503,276,517,269,530,261,545,257,428,218,538,206,369,439,628,415,394,453,412,479,438,489,473,488,559,474,588,466,606,452,616,432,283,209,285,189,286,170,287,155,295,150,300,133,310,123,318,110,524,107,540,118,555,131,568,143,588,124,597,146,608,165,617,187
crabs_data/train_data/_DSC0835.JPG,2.4,421,287.5,408,259,425,268,441,272,457,273,473,271,491,268,507,261,386,214,512,212,306,424,597,423,332,438,355,465,379,481,407,486,496,481,526,479,555,467,573,444,249,204,250,179,252,158,256,135,269,144,275,126,290,113,299,96,528,100,541,119,560,134,575,152,592,138,599,166,607,190,610,210
crabs_data/train_data/_DSC0836.JPG,2.47,461,373.5,442,346,463,353,479,357,495,358,513,355,532,349,548,339,418,303,544,295,366,530,641,514,395,549,417,571,447,584,472,584,577,572,598,565,614,552,628,534,271,298,271,271,270,251,273,232,284,242,293,223,303,207,308,192,539,187,554,204,574,218,591,237,608,217,618,244,629,266,636,289
crabs_data/train_data/_DSC0838.JPG,2.35,430,291,403,276,420,283,437,287,453,290,468,286,486,279,501,270,383,233,507,221,313,447,595,419,343,462,363,483,388,495,417,497,517,482,542,475,561,461,575,441,245,230,244,207,247,182,249,160,261,160,273,139,282,125,288,108,512,94,527,110,546,125,560,147,576,134,584,158,594,179,599,202
crabs_data/train_data/_DSC0840.JPG,2.375,414.5,316,397,314,414,320,431,320,449,320,468,314,482,304,491,292,374,274,495,248,323,486,596,427,350,498,371,514,397,526,424,523,501,507,527,499,557,482,577,454,239,277,238,252,239,232,238,211,252,211,258,187,269,172,273,154,493,114,511,132,531,148,546,166,558,147,569,167,580,194,585,215
